{
    "X_type": {
        "x1": "Uniform",
        "x2": "Uniform"
    },
    "Z_type": [],
    "max_poly_degree": 5,
    "q_norm": [
        0.75,
        1.0
    ],
    "Solver": "HybridLAR",
    "save_result_path": "C:/Users/v196m/Desktop/master_project/Masterarbeit/StochasticPCE",
    "SparseOrderTable": [
        [
            0,
            0
        ],
        [
            4,
            1
        ],
        [
            1,
            0
        ],
        [
            4,
            0
        ]
    ],
    "active_list": [
        0,
        19,
        6,
        18
    ],
    "coeffs": [
        [
            1.0630877352244648
        ],
        [
            0.03850456243668686
        ],
        [
            0.026969404092563595
        ],
        [
            0.027141885246641493
        ]
    ],
    "p": 5,
    "q": 1.0,
    "error_corr": 0.002001853554862057,
    "error_corr_record": [
        0.0020154283209709036,
        0.0020154283209709036,
        0.0020154283209709036,
        0.0020154283209709036,
        0.0020154283209709036,
        0.0020154283209709036,
        0.0020170041488513854,
        0.0020170041488513854,
        0.0020170041488513854,
        0.002001853554862057
    ],
    "converge": false,
    "overfit": false
}