{
    "X_type": {
        "x1": "Uniform",
        "x2": "Uniform"
    },
    "Z_type": [],
    "max_poly_degree": 5,
    "q_norm": [
        0.75,
        1.0
    ],
    "Solver": "HybridLAR",
    "save_result_path": "C:/Users/v196m/Desktop/master_project/Masterarbeit/StochasticPCE",
    "SparseOrderTable": [
        [
            0,
            0
        ],
        [
            1,
            0
        ],
        [
            0,
            1
        ],
        [
            1,
            2
        ]
    ],
    "active_list": [
        0,
        6,
        1,
        8
    ],
    "coeffs": [
        [
            1.0471562387387499
        ],
        [
            0.04796497302142071
        ],
        [
            -0.025927123192233274
        ],
        [
            0.02660186189961125
        ]
    ],
    "p": 3,
    "q": 1.0,
    "error_corr": 0.001977701314171722,
    "error_corr_record": [
        0.001977761822782562,
        0.001977701314171722,
        0.0019841543034403372,
        0.0019841543034403372,
        0.0019841543034403372,
        0.0019810486668648416
    ],
    "converge": false,
    "overfit": false
}