{
    "X_type": {
        "x1": "Uniform",
        "x2": "Uniform"
    },
    "Z_type": [
        "Gaussian"
    ],
    "max_poly_degree": 4,
    "q_norm": [
        0.8
    ],
    "Solver": "HybridLAR",
    "save_result_path": "C:/Users/v196m/Desktop/master_project/Masterarbeit/StochasticPCE",
    "SparseOrderTable": [
        [
            0,
            0,
            0
        ],
        [
            1,
            0,
            0
        ],
        [
            0,
            0,
            1
        ],
        [
            0,
            1,
            1
        ],
        [
            0,
            2,
            1
        ],
        [
            1,
            0,
            1
        ],
        [
            1,
            1,
            1
        ],
        [
            2,
            0,
            1
        ],
        [
            0,
            0,
            2
        ],
        [
            0,
            1,
            2
        ],
        [
            1,
            0,
            2
        ],
        [
            0,
            0,
            3
        ],
        [
            0,
            0,
            4
        ]
    ],
    "active_list": [
        0,
        5
    ],
    "coeffs": [
        0.8887055223401026,
        0.02608735326128347,
        0.7308813998844362,
        0.11311832205470988,
        0.0017372150622614844,
        0.015163982978894526,
        0.022831650628274792,
        -0.03438779095206978,
        0.11765156375800584,
        0.054338684489579965,
        -0.01381205413515994,
        0.5398110021140258,
        1.0261867035794983
    ],
    "p": 1,
    "q": 0.8,
    "error_corr": 0.0020124872521120256,
    "error_corr_record": [
        0.0020124872521120256,
        0.0020124872521120256,
        0.0020124872521120256,
        0.0020223398207954496
    ],
    "Sigma": [
        0.19171223040505553
    ],
    "NfoldMLE_CVs": -370.46068559474054
}