{
    "X_type": {
        "x1": "Uniform",
        "x2": "Uniform"
    },
    "Z_type": [
        "Gaussian"
    ],
    "max_poly_degree": 4,
    "q_norm": [
        0.8
    ],
    "Solver": "HybridLAR",
    "save_result_path": "C:/Users/v196m/Desktop/master_project/Masterarbeit/StochasticPCE",
    "SparseOrderTable": [
        [
            0,
            0,
            0
        ],
        [
            1,
            0,
            0
        ],
        [
            0,
            0,
            1
        ],
        [
            0,
            1,
            1
        ],
        [
            0,
            2,
            1
        ],
        [
            1,
            0,
            1
        ],
        [
            1,
            1,
            1
        ],
        [
            2,
            0,
            1
        ],
        [
            0,
            0,
            2
        ],
        [
            0,
            1,
            2
        ],
        [
            1,
            0,
            2
        ],
        [
            0,
            0,
            3
        ],
        [
            0,
            0,
            4
        ]
    ],
    "active_list": [
        0,
        5
    ],
    "coeffs": [
        1.0789259530006459,
        0.02552999124741567,
        -0.08405782864453677,
        -0.09304692354957045,
        -0.0425040555076302,
        -0.015482743970387602,
        -0.005237701657691381,
        -0.015562379978104621,
        0.20875489339122744,
        0.04033992383162275,
        0.0032968473139915726,
        -2.773003752661781e-05,
        0.2662064878355244
    ],
    "p": 1,
    "q": 0.8,
    "error_corr": 0.0020088682534671197,
    "error_corr_record": [
        0.0020088682534671197,
        0.0020088682534671197,
        0.0020088682534671197,
        0.0020145647104591554
    ],
    "Sigma": [
        0.2765284361636609
    ],
    "NfoldMLE_CVs": -47.979050340010076
}