{
    "X_type": {
        "x1": "Uniform",
        "x2": "Uniform"
    },
    "Z_type": [
        "Gaussian"
    ],
    "max_poly_degree": 3,
    "q_norm": [
        1
    ],
    "Solver": "HybridLAR",
    "save_result_path": "C:/Users/v196m/Desktop/master_project/Masterarbeit/StochasticPCE",
    "SparseOrderTable": [
        [
            0,
            0,
            0
        ],
        [
            1,
            0,
            0
        ],
        [
            0,
            0,
            1
        ],
        [
            0,
            1,
            1
        ],
        [
            0,
            2,
            1
        ],
        [
            1,
            0,
            1
        ],
        [
            1,
            1,
            1
        ],
        [
            2,
            0,
            1
        ],
        [
            0,
            0,
            2
        ],
        [
            0,
            1,
            2
        ],
        [
            1,
            0,
            2
        ],
        [
            0,
            0,
            3
        ]
    ],
    "active_list": [
        0,
        4
    ],
    "coeffs": [
        1.0511233191580394,
        0.022643674631309334,
        -0.08744929387569703,
        -0.06242101306207435,
        0.008127073183394746,
        0.004789279882779853,
        0.016611166754933165,
        0.011087266915915824,
        0.13612505541600115,
        0.10241263356852111,
        0.033215430694204934,
        0.04628316371796924
    ],
    "p": 1,
    "q": 1.0,
    "error_corr": 0.0020171834335233362,
    "error_corr_record": [
        0.0020171834335233362,
        0.0020298547643316798,
        0.002035377731475081
    ],
    "Sigma": [
        0.18039690528498636
    ],
    "NfoldMLE_CVs": -425.8863728041344
}