{
    "X_type": {
        "x1": "Uniform",
        "x2": "Uniform"
    },
    "Z_type": [
        "Gaussian"
    ],
    "max_poly_degree": 4,
    "q_norm": [
        0.8
    ],
    "Solver": "HybridLAR",
    "save_result_path": "C:/Users/v196m/Desktop/master_project/Masterarbeit/StochasticPCE",
    "SparseOrderTable": [
        [
            0,
            0,
            0
        ],
        [
            1,
            0,
            0
        ],
        [
            0,
            0,
            1
        ],
        [
            0,
            1,
            1
        ],
        [
            0,
            2,
            1
        ],
        [
            1,
            0,
            1
        ],
        [
            1,
            1,
            1
        ],
        [
            2,
            0,
            1
        ],
        [
            0,
            0,
            2
        ],
        [
            0,
            1,
            2
        ],
        [
            1,
            0,
            2
        ],
        [
            0,
            0,
            3
        ],
        [
            0,
            0,
            4
        ]
    ],
    "active_list": [
        0,
        5
    ],
    "coeffs": [
        1.1187142548870617,
        0.029885204195111797,
        -0.17021353413273063,
        -0.1245944183269272,
        0.0007270693705733246,
        -0.002552285194507892,
        0.0060038170470151165,
        0.010239056379883843,
        0.4621851475851598,
        0.03657693389458987,
        -0.00945095346823473,
        0.019627043166487168,
        0.6714719737539425
    ],
    "p": 1,
    "q": 0.8,
    "error_corr": 0.0020147568654747647,
    "error_corr_record": [
        0.0020147568654747647,
        0.0020147568654747647,
        0.0020147568654747647,
        0.0020224634146485906
    ],
    "Sigma": [
        0.16464946813291545
    ],
    "NfoldMLE_CVs": -453.58451614485045
}