{
    "X_type": {
        "x1": "Uniform",
        "x2": "Uniform"
    },
    "Z_type": [
        "Gaussian"
    ],
    "max_poly_degree": 3,
    "q_norm": [
        1
    ],
    "Solver": "HybridLAR",
    "save_result_path": "C:/Users/v196m/Desktop/master_project/Masterarbeit/StochasticPCE",
    "SparseOrderTable": [
        [
            0,
            0,
            0
        ],
        [
            1,
            0,
            0
        ],
        [
            0,
            0,
            1
        ],
        [
            0,
            1,
            1
        ],
        [
            0,
            2,
            1
        ],
        [
            1,
            0,
            1
        ],
        [
            1,
            1,
            1
        ],
        [
            2,
            0,
            1
        ],
        [
            0,
            0,
            2
        ],
        [
            0,
            1,
            2
        ],
        [
            1,
            0,
            2
        ],
        [
            0,
            0,
            3
        ]
    ],
    "active_list": [
        0,
        4
    ],
    "coeffs": [
        1.0441851965265796,
        0.02880214145195787,
        -0.10803508594819299,
        -0.10126497582938217,
        0.02149610620740209,
        0.006208030385121563,
        0.0025592201373663055,
        0.003226757802877996,
        0.061345292292822554,
        0.03914666545558071,
        -0.011902575762173878,
        0.16692855711310756
    ],
    "p": 1,
    "q": 1.0,
    "error_corr": 0.0006592962747949193,
    "error_corr_record": [
        0.0006592962747949193,
        0.0006592962747949193,
        0.0006597948627786814
    ],
    "Sigma": [
        0.1549079327194746
    ],
    "NfoldMLE_CVs": -1395.877660837388
}